Depth,PrunedNodes
13175696,398
7862624,15
13200176,13
13200240,14
7848376,6
8105240,63
13175632,350
8107360,63
13175568,165
13196208,250
7712656,63
7488192,521
7953312,46
13175856,182
13200528,75
13175984,297
7830168,31
13200464,63
13175920,223
7710928,105
7698504,63
7951360,63
7832120,27
8103512,31
8001952,15
7863008,409
13202640,46
13212696,60
8047024,37
13178096,102
13212824,31
7823960,127
13202512,130
7943328,94
7698632,31
8046896,62
7951488,109
13177968,368
7696416,31
8002016,31
13177904,153
13419280,126
7862944,40
8423264,15
13202576,168
7698440,63
7848632,1
7848024,6
7943776,63
7857024,13
7954720,63
7846840,12
7685448,135
8047632,78
13175184,254
13199664,98
13199728,108
13175120,291
8098136,127
7847224,7
7703504,63
13205296,141
7713672,31
7697224,12
13180816,45
7954176,63
8359408,127
7998976,61
7946016,146
7847416,7
7847288,7
13179536,367
7843000,7
13195984,68
7826680,127
13418832,127
13187824,421
8051600,15
13179408,221
13178256,161
7845752,15
13202864,52
7845880,15
7999616,63
13178192,77
8106656,31
7847672,6
13191312,94
13200336,65
7708656,44
8105400,31
7840120,46
13175792,419
13175728,361
7831960,63
7840056,28
13175600,329
7854432,63
13200272,65
7831832,27
13180784,46
7703408,41
13211544,31
13205328,15
7847256,12
7995328,127
7952832,107
13179248,206
13209880,63
13179376,167
7697888,62
13187344,216
8047984,7
7784760,127
13195280,46
8416032,127
8355504,127
13179088,165
7707888,29
8003040,286
7715856,12
13203568,68
8428496,63
13178960,180
8161144,230
7834328,60
7706864,84
7686240,63
13179984,209
13177200,286
13189616,218
7846680,12
13212536,31
13177808,105
7995904,31
13203760,186
8000512,78
7844856,23
13179280,434
7952800,252
7828408,119
13200848,116
7713136,15
13422144,63
13206808,255
13176304,178
13201264,38
7693192,50
8102168,31
8163448,116
8355216,127
13176656,152
7942112,94
13199568,208
8052176,7
13175024,225
8357744,63
7845720,7
13202896,54
8044656,15
7837624,3
13178288,176
13200496,102
13425488,63
8145744,31
13175888,129
8053232,63
7830136,60
7999936,78
13175952,346
7783896,63
13200432,14
7712968,254
13214744,78
7696520,31
13184240,92
7688232,31
13175824,243
13192272,234
7846456,6
7949344,181
7695144,127
13203376,69
8100216,63
7843072,63
8357328,127
8050416,62
7845368,12
13193680,140
8358736,31
8051824,14
7834584,15
7950720,251
7691744,127
7842680,24
13177104,368
7845624,12
7946400,63
7713808,48
7845496,14
13197552,46
7695528,28
7837400,14
13189136,15
13178064,128
7698600,43
7700720,14
8001856,15
7943296,175
13174288,101
7956000,15
7844024,24
13201648,69
8418176,31
7709840,15
7942272,230
13177040,47
13199952,68
8047376,15
13175408,282
13175312,322
13197872,93
8045360,15
7859328,62
7845048,15
13173392,140
7844984,7
13173328,15
7712432,63
13204048,17
8106208,63
8420832,134
13179504,208
7780344,120
13202384,198
8057360,190
13419760,63
13185808,253
8103288,15
13177840,190
7951200,31
7844376,24
7704656,31
13177008,345
7687464,62
7706000,105
13199696,53
8166008,142
8103736,127
8356752,126
13175152,157
7844280,15
8046512,45
13198864,88
8415488,31
7844056,24
7840568,15
7693600,62
13175088,178
7695816,31
13199760,67
7948672,126
13199824,70
13175280,204
7844152,31
7840888,48
13193744,115
7942848,31
8004576,255
7832792,58
7950944,126
13202160,138
13200688,343
8050864,7
7705072,10
13176208,122
13200880,102
13215192,31
8050800,45
13176272,81
7783576,127
13185008,131
7976856,127
13420624,127
7783000,63
13176592,100
7861632,31
13176752,192
8048336,24
7746184,127
13176720,30
8428656,63
13201200,60
13201008,80
13426000,127
13176400,40
8416576,126
13200080,89
13175536,198
13199984,55
8143216,63
13175376,267
13175216,387
7685032,62
7843288,6
7695200,31
13192208,186
7702608,20
7696584,63
13176016,297
13203472,190
8100600,126
13195504,265
13426544,127
8002816,15
7843544,12
7695456,31
7944256,63
7685288,164
13179472,324
13178416,45
13419792,63
13203088,143
13201712,98
8101752,125
13421232,63
7488640,119
13177232,257
7704048,63
7691616,252
7950592,63
8051952,7
7942432,167
8420992,78
7842808,7
7843384,12
7993440,31
13195344,156
13179952,257
13421328,126
13204624,72
8051760,15
13201776,38
8163960,126
13421296,127
13177168,270
7745672,63
13201872,202
7842776,15
13200112,37
13175504,350
8421344,63
13180016,231
7842328,7
13180144,185
13188112,187
7686336,63
7945440,63
13204688,30
7842456,12
7706832,55
13179344,344
13195472,108
8047920,127
7952512,31
13178896,60
8407936,7
13187312,280
8051888,14
8101816,31
7844672,31
8421056,94
13177296,409
7841720,15
7697000,31
7841848,24
13197008,157
13176944,111
7701712,63
8417312,31
7834072,55
7696296,22
8103320,31
13419536,63
13194192,210
13177616,285
13175440,300
8099928,63
13199920,49
7841784,15
7947584,63
7744552,253
13211896,63
8102584,94
7699624,115
13201520,28
7841400,24
7991488,63
13176912,208
13176880,104
7782744,63
13201552,203
8102552,63
7824920,63
7746024,63
7841368,30
8000992,63
13193328,31
7707216,108
13201104,100
13184528,189
8357968,31
7694880,63
13176560,125
8413664,63
13200752,282
7686472,63
13176144,290
7835640,15
13178704,196
7701552,77
13420288,63
7697472,127
13176976,299
13201456,37
13191952,124
8419360,126
8105368,62
13200368,92
8047152,21
13175760,237
13214680,31
7949248,63
8107296,63
13193936,93
7685824,31
13177360,327
7840952,7
13174192,233
7841592,12
7694624,125
7833496,31
13179728,250
7842112,126
8102840,31
13198800,80
8048816,38
7841656,15
13180304,94
8106784,31
7839704,24
7696640,63
8104856,31
8003520,31
13176496,36
13200304,225
7840152,15
7710600,127
8154352,127
7693960,7
13175472,285
13186800,265
7839800,31
7692832,116
7954848,60
7838616,54
8153744,63
7954272,89
7839160,25
13197168,249
13424880,124
13175056,159
7690504,56
13196752,281
7994656,63
13188592,62
7696768,15
13180176,109
7839576,31
8359344,127
7711600,85
7839000,48
13197200,93
7729928,63
13188912,220
7707280,55
13176368,224
13201392,95
8048176,7
8355088,255
7941984,248
13176784,90
7715792,48
13176624,204
7950304,241
7684936,15
13201296,166
13176112,91
8100760,94
7692704,121
8050704,45
8355696,63
8059120,31
13200784,56
7713200,29
7835416,45
13200016,78
7685800,163
7838968,31
7948864,31
8106560,63
7839416,53
13422512,94
13193424,108
7833240,30
7709904,24
13176848,173
7697600,31
7839224,60
13212312,62
7714320,46
13202000,77
7832632,101
13177456,189
7951040,126
7715920,53
8100504,63
8355440,252
13203632,83
7687080,55
8058480,158
7713776,43
13203408,106
13201808,116
8060048,31
13201840,183
8423232,31
13202608,53
8046864,63
7832088,156
13177424,273
7832664,109
8098008,63
13202032,102
7834296,59
13188240,360
13196336,70
13202320,162
8103352,63
7860608,60
8166552,31
13202288,468
8102520,31
7701680,91
13201584,201
13201424,152
7745896,126
13193456,187
13176528,60
13201136,185
7694848,63
7834200,31
13188272,236
8105952,63
13187536,248
7828440,61
13423216,63
8101240,189
7704496,5
13187920,216
8059408,15
8051440,14
7998048,89
7692192,63
7704144,20
7689832,31
13179632,393
8051504,30
13187600,109
7993952,31
7704272,2
8104024,62
13195824,109
7683680,31
13187728,328
7944864,63
8051632,22
8059824,31
13418896,63
13187760,425
8356336,63
13187984,386
13196080,195
7704560,5
8051376,7
8101304,94
7712528,89
7701936,121
13195664,62
8105856,63
13187376,359
13187952,313
7837880,6
13184656,187
7949824,63
8003456,7
13192752,93
13200592,45
7838392,7
7712936,127
13176048,93
8354320,255
7702576,11
7692136,15
8099128,31
13198128,108
7838168,12
13173648,22
13194672,91
7837688,7
8413824,63
13189904,220
7837976,12
7686824,15
13194768,78
7692896,31
8098936,126
13203184,406
13213304,15
13178576,160
13178032,301
8166200,63
7951424,63
13181840,3
7838072,15
8422496,31
13195120,153
7837112,24
13181648,22
7702032,26
13189872,441
13420912,127
7836920,7
7860032,62
7688456,31
13194704,62
13186544,93
8098712,126
8044560,63
7698816,63
7951648,91
13178128,22
7837528,12
7713128,63
13179312,482
13178160,146
7702864,31
13202832,78
13177744,182
13202224,84
7825848,63
7691528,47
13195600,141
13423312,254
7836504,24
13187440,234
8143472,31
13176464,103
7707184,60
13200944,121
13425936,190
7837016,15
13204464,107
8059440,63
7998016,31
8415264,31
13196048,78
13179856,290
7835928,24
13200816,30
8058960,63
7853952,127
7835576,30
13176240,94
7835800,7
13190736,140
13198928,175
7835704,14
8152496,63
13176176,93
7835480,28
8050896,31
8003008,15
7835192,30
7693384,60
8100536,31
13203536,56
7835512,31
7834008,55
7834520,15
7833720,53
13205008,209
13197040,124
7831032,104
13180752,144
13194480,93
13202448,138
13202064,116
7694016,63
13202480,68
7943232,444
13212568,31
8004096,127
13202256,106
13207192,127
8421696,158
13200976,138
13421856,125
7855744,40
13201616,209
7833272,140
7684104,126
13188144,186
8057296,127
13196432,46
13187856,214
7704432,15
13196368,101
7953568,94
13188208,312
7844544,15
7714896,24
13187792,188
13188176,234
7706640,58
7779768,31
7715056,27
7953408,63
7701968,151
13187408,390
8143568,63
13187632,344
8359120,63
13195920,15
7698280,31
8101368,31
13196272,30
7712592,30
7945024,31
13188048,344
7683840,63
7731176,127
13187504,251
13198672,156
7833432,7
7955744,94
8422848,15
13177488,259
7951008,59
13201968,87
7831256,52
13199792,24
7832376,15
7700496,25
7832184,60
13194352,91
13216248,31
7830488,51
8047440,70
7830552,30
7710408,63
13200048,10
7830648,114
7949024,109
13204880,115
7709104,47
7831384,73
13180208,186
8165048,31
7828472,100
7710160,24
7952864,31
7859072,122
13179216,317
7691592,48
13203216,172
13195248,46
13194224,53
13202192,162
7712520,190
13419568,31
7698024,15
13187696,172
8358832,63
13193712,109
13421136,31
13201680,216
13187568,233
7993792,62
13423184,15
13179152,232
13187472,155
13180880,74
7830904,15
13208376,127
7829816,29
13214904,63
7830104,57
8099160,127
7829912,31
7955200,63
8044784,63
7999584,15
13194608,106
7829464,62
13195184,72
8050320,92
7785112,127
7828888,31
7829144,58
13189808,62
7828696,114
13420848,190
7782264,127
13188080,201
7858496,251
13179664,285
7828504,62
7745512,127
7705424,117
8050256,31
13187664,116
13418992,63
8420768,15
8106144,127
7953088,63
8359152,127
7692424,24
13188304,347
13198448,123
13423440,31
7704816,136
7997760,63
7699752,15
7710096,229
7784696,63
7842688,127
8108544,63
8108384,63
8056336,125
13184816,78
13193104,78
8108448,63
13208120,127
8108128,63
8107136,127
13196880,171
7682688,127
8108416,15
13201168,45
8056496,31
13193200,109
8416288,63
8108352,31
13180592,217
7697032,23
8107040,31
8107232,63
13190160,251
7842304,127
7694376,43
8105664,127
13198576,101
13204912,71
8106912,63
13192080,62
8419488,31
8107424,31
8105696,63
8105568,126
8162136,123
13198544,15
8419136,15
8105504,63
8051056,99
7699848,61
8105760,127
7701424,137
13182800,63
7699432,246
13426704,31
13191024,109
13418736,63
8106400,127
7699176,31
13199024,215
7705008,10
8047568,7
13199888,90
7704688,7
8051152,52
7744904,252
8413728,190
13194512,62
8422016,31
13202928,24
7684776,63
13200912,36
7953920,99
7696968,15
8105176,31
7999264,62
7833784,31
7703248,14
13205200,62
13201072,68
7955936,30
13190640,125
8102776,31
13198608,112
7947520,63
8104376,15
13190928,31
13199344,229
8104664,31
7998752,126
7691264,127
8142704,243
13199536,215
7855456,14
13199120,258
7832856,63
13199056,204
7744424,127
13198736,192
7703792,69
7691360,127
7940160,385
7703664,10
7952288,181
8414240,190
13195024,62
7687112,7
8422528,62
13203440,133
13179024,68
7707824,29
7952384,94
8100376,127
13203504,124
7784824,63
13203152,95
8058736,63
7846048,15
13203248,18
7997152,63
8104600,126
8359536,31
13199600,79
8104216,127
13174576,216
8165496,31
13199248,134
13199408,124
7683232,63
8052144,15
13199152,75
13203024,70
8104984,31
7703056,20
7697448,63
13199376,128
8051984,29
13199280,208
13198640,174
13198768,120
8102744,63
7683880,63
13173680,208
13423696,62
7702320,22
7947168,94
13199088,159
13199312,160
7701360,127
8046352,7
13198960,91
8144368,127
13198704,110
7684424,179
7709200,24
8103032,126
7841792,251
13190800,62
7701232,40
7714384,26
8057808,63
13193968,310
7687880,108
13201936,70
13199856,64
13199216,237
13198832,174
7706928,55
13181744,154
7702288,7
7703152,12
13180496,46
13199504,217
7713896,63
13199184,207
13214616,31
7831992,62
13192016,77
7700464,52
8154224,127
13200400,33
7702768,63
7700944,25
13199472,29
8103096,63
7841856,250
13198896,80
8001472,62
7701136,47
7956160,91
13174448,77
8144272,63
13200208,52
13198992,201
8046672,63
7700880,28
13200144,53
7783992,63
7941056,122
7708592,50
8105336,31
8417056,31
13200560,119
13199440,92
8150896,63
8359088,63
8165848,126
13195952,78
13194640,45
13194544,30
7698912,31
13194928,170
13195440,156
13426480,127
13194800,156
13193520,328
7712240,29
7844832,63
8164056,63
7843200,251
13195088,84
7785208,63
13194096,76
13185328,362
13193616,92
7703984,31
7951392,88
13194384,337
13194064,90
8103192,63
13194416,153
7708848,26
7687848,38
13193872,183
8057840,63
7942720,31
8004448,127
13193584,218
7950688,189
7951584,94
13194320,131
7842912,189
8102136,141
13181520,25
7683784,31
13421040,410
13180848,174
8417536,190
13180528,99
7833656,31
7697256,31
13180720,159
7713840,43
13181072,158
7946240,60
13180912,60
13179760,193
13180080,494
8164344,63
8051664,36
13179600,531
13179184,251
8416704,126
7716400,6
7940640,94
13176336,158
8101080,126
7715536,12
13184752,78
13207096,253
7715408,14
8103384,63
7714640,23
7684168,127
13179920,217
8003968,127
13188336,77
7715024,12
7714096,23
8058000,122
8103928,141
7705872,202
13191600,186
7714288,22
13212344,31
8106040,31
8422720,63
8097944,127
13202096,53
7786488,127
7687912,31
13196304,37
8101496,31
7688680,31
13194736,15
13195056,45
8058608,31
13422768,142
8005216,127
7693352,15
13195408,69
7845376,63
13193552,99
7745736,255
13194160,139
8357040,255
13193840,90
13193776,76
13185936,203
8103416,127
13194032,45
8057488,126
7706192,59
13193808,123
8145264,127
8101912,62
7859264,63
13181616,78
13205040,70
13180560,61
7843328,63
7695400,63
8058160,63
13189264,15
13180976,217
13179568,209
8416128,31
13179120,192
13179696,339
13179440,239
13190256,266
7712880,27
7488096,97
7712752,84
8059568,63
13196176,78
8415392,63
7711664,56
8051472,25
7683584,31
7712336,58
7944768,186
7697192,15
7711632,107
13197104,141
8415104,62
13186192,15
13194288,124
13180112,225
13193072,293
13420784,63
13180400,106
7953760,126
7711792,53
7691328,127
13189040,173
7703312,31
7711728,55
7710608,102
13190064,93
7951520,111
13194256,219
8103544,63
13194448,108
13193648,46
7714120,31
13185072,7
13193360,46
13207576,127
7711880,31
13172976,425
7695432,63
13180944,111
8356176,126
7994208,63
13179792,277
13179824,206
7710672,58
8045200,63
8413408,63
8050736,46
7862112,125
13192656,156
13422176,63
7710864,112
13194128,53
8054960,63
8421408,127
8053328,63
13419744,31
7705232,7
8058832,31
7686440,31
7704976,15
13192624,125
13215160,15
8050768,38
7704624,31
7692352,63
13173904,252
7744840,127
8360656,127
13198384,170
13423376,127
8058672,63
7705264,15
13186640,157
13188016,124
13421648,190
7704464,31
13204144,61
7845056,63
7944896,31
7704240,60
7703600,31
8165208,126
7689000,112
7703440,31
7995296,31
8044272,126
7703344,62
13188944,46
7702896,123
8417920,31
7694688,63
7684520,241
8056912,63
8144592,62
8056848,63
8055472,63
13189072,109
13211608,122
7703472,15
7696808,63
7703024,62
7702416,63
7702544,31
7702224,61
8059056,125
13184400,31
13213240,63
8058768,31
13186864,219
8357136,63
8058576,188
13191504,156
8058096,190
7948576,116
7702736,31
7949408,236
13205072,227
7703120,63
7682784,15
7702704,126
13208088,127
7702096,63
7946944,31
13173488,31
7842848,63
7709968,13
13419008,125
8418976,127
8099608,63
7702000,127
8046128,142
7701296,63
13184784,285
13176816,211
8048272,63
7711088,7
7999648,62
7696680,63
7711120,13
7943552,123
7711344,13
13188816,62
7843936,31
8051568,22
8052112,44
7859680,117
8100312,62
8050384,192
13178800,173
8051024,83
8058896,31
13215064,31
8415936,190
8050928,30
8050960,37
8050640,74
8050544,53
13178512,245
13420016,63
8419808,63
8050576,46
7785368,63
13190320,267
7686248,92
8360560,63
13419424,63
8050992,106
7947392,126
7709616,26
8050224,129
7693120,249
13198416,155
13419296,63
8051120,30
8101784,127
7745576,63
8051728,15
8051792,15
7861216,62
7697864,15
8101848,63
8051920,30
13174896,254
8052048,15
13213688,190
8100280,31
8050352,15
7705520,15
7843136,127
8050448,52
13213272,157
8050512,142
7951904,31
13196624,219
7709072,26
7841664,255
7698472,15
7708816,44
8050480,157
13186736,378
7684736,62
8051856,15
7782552,127
8051216,15
8101272,62
8052016,15
8050288,45
8051184,15
7997792,94
13213912,31
8052080,30
7948480,220
7683296,127
13190352,266
7744968,127
8051088,15
7692480,63
13198000,30
8101976,94
13198512,22
7781656,63
8059248,31
13173296,442
13197968,94
7946880,124
13197744,38
13173136,264
13197616,140
7685416,55
13197648,109
13198256,94
8000160,31
7947072,31
13195536,91
7944640,184
13197808,78
13188400,30
13196688,257
13204752,140
7831512,63
13196784,266
13196560,70
7953664,63
13205264,124
13197296,109
8419968,63
8359888,190
13196656,250
7843360,189
13197520,99
13188496,76
13196592,141
13196912,109
13195792,283
7687208,63
7705744,15
13197328,108
13195728,15
13196496,228
8418944,63
13195632,15
13195888,46
8059664,31
8099064,63
7823416,127
13194896,172
13194576,31
13195312,62
8100472,63
7952480,59
13195376,31
7708080,15
13193904,15
7707600,93
7687400,63
13189296,45
13420336,63
13188784,62
8361072,63
8101944,15
7954976,126
13173360,187
7696904,15
13188688,173
13174384,376
8102936,31
13173072,93
13173104,216
8047696,3
13173008,311
13173456,249
8045552,31
13173552,343
7955264,63
13173616,92
7684072,61
13419712,31
7706960,30
13420160,31
8003712,255
13180432,44
8044336,15
13188848,62
13173168,174
13188624,132
13188560,141
13174960,329
13173232,203
13216728,15
8045296,31
8000096,15
8358320,63
13173712,194
13173200,451
13173840,282
7683848,63
13173520,571
13173872,169
7710856,127
7705328,106
7684704,31
13189232,7
13189328,15
7858848,63
13173936,204
8099384,127
7684224,63
13173264,250
7708168,63
8099416,127
13423504,127
13173776,202
7955456,31
8162232,63
7705488,115
7705936,205
13198288,30
8045264,63
8099288,63
7947104,7
7698176,31
13203792,171
8099768,31
8045744,31
13173584,306
8045168,158
8162552,63
13206744,251
8044976,63
8047888,3
7707792,63
13178352,40
7992736,63
8044592,7
7688776,28
8044464,15
7696392,127
8045008,31
7688840,120
8044400,31
13203984,161
8059792,31
7697480,43
8060176,63
8060304,63
13215896,31
8058352,127
8004960,254
13189200,62
13186928,249
8100344,31
8058512,15
13202768,177
13215128,63
8059088,62
13203056,123
7831768,31
7684608,63
13202960,203
8098840,63
7713360,63
7943808,165
13213208,63
7686792,53
13178608,107
13186576,182
7713424,63
8156560,127
8058032,31
7824152,127
8057552,63
8356624,31
8058064,63
7780472,254
13419056,127
7687336,63
8058128,63
13181008,46
7693408,63
13420528,127
13178832,246
7713616,63
8057456,126
8421760,63
7695072,31
13184592,62
8056624,127
7686656,31
13212184,31
13177584,232
8057744,63
7705680,15
7705296,15
7686152,59
7781720,63
7842432,127
8003104,15
13184944,342
13184688,46
8101016,126
7687784,31
7863296,30
8356944,127
13185648,228
13184848,61
13185232,15
13185200,140
13215000,63
7711208,127
13184496,379
8055440,63
7685992,93
7686088,55
8418080,63
13185104,157
13184976,15
8416352,127
13215096,94
7845696,31
13184464,46
13185136,156
13184720,108
13185168,62
13198352,31
7686312,122
13184880,141
13197488,188
7685152,63
8413984,63
7688488,15
13178224,61
13196848,283
13196720,250
13196528,251
8048976,63
13184368,77
7685352,115
7784728,63
13185040,62
13184912,92
7950240,126
13184560,62
13180272,99
8104824,63
7698888,63
7994688,31
8046736,38
13180336,59
13197424,94
7695592,15
13197360,219
13197232,219
7685128,57
13181104,97
7693440,62
7953952,164
8105016,31
13196944,188
13197392,314
13197264,188
13219736,63
7995232,31
13197136,218
13424848,124
13173040,123
7695648,63
7685480,111
7859168,127
7699912,194
7952768,7
8105720,31
8104536,78
13204944,93
8104952,31
7841632,127
13210968,63
8104760,94
7953696,63
8104312,31
7699272,122
8104056,63
8104248,63
8419232,63
8059312,63
8103800,7
7712136,31
8103672,15
8103160,63
7688040,7
8103224,31
13182320,157
7684360,59
8102872,31
8059952,63
7683424,31
8101624,62
13421360,314
8421312,190
8101560,62
7844416,127
8101464,31
7779832,127
8100408,152
8046160,63
13182864,63
7948032,94
8046192,78
8100856,31
8101112,63
8100088,252
8100152,94
13203728,146
8099832,63
8099992,63
13203888,69
8099736,126
8360752,31
8099640,123
13195696,31
8143376,253
7684392,125
7781624,189
13205232,141
13205456,103
13205104,130
7995072,15
13211032,125
7698696,69
13204816,235
8098520,63
13205520,154
13205136,179
8106328,63
8105976,31
8105816,63
13192144,189
13421664,31
8105432,63
13204848,217
8046704,63
8104792,127
8165016,63
8104696,63
8104184,63
8103704,63
13190128,188
8107320,63
8104344,63
7824888,127
8165624,63
8046928,37
8103480,127
13197072,30
13197456,157
7699592,152
7698248,288
7779864,63
8102680,31
13190416,15
8102488,63
8101656,63
7730440,63
8101336,63
8416256,31
8102232,63
7693128,13
7950080,63
13187088,329
8101208,62
13176080,219
8100664,63
13426224,31
8100568,63
7695360,93
13190288,203
8099480,126
8099448,189
13181968,7
8099544,127
7947360,175
7699976,122
13214360,31
8047472,21
13191760,181
13423088,31
8354864,127
13191888,139
13192368,219
7699080,258
8100728,63
8100632,63
7856128,22
8100952,31
13204432,108
8356208,127
8101176,63
8100056,63
8100024,127
13191824,60
8428944,127
8002464,63
7840896,127
8099864,31
13182032,45
8099512,63
7745000,127
8098968,190
7831800,31
7954432,93
8098392,127
7687272,63
8098552,127
7698920,271
8098264,127
8098424,63
13186480,126
8357776,254
8098648,63
13420112,127
8097752,127
7946496,15
13192176,126
8047312,7
8097240,63
7949152,63
8098104,127
8420416,127
8097560,63
8097912,127
7687048,444
8161432,249
8361232,63
13182896,62
8361040,63
8360336,63
8419584,158
8360176,127
13186768,559
7686856,30
8359952,127
8359440,31
8419648,31
7694920,31
8359984,63
8359600,63
13204208,38
8358992,63
7998400,126
8358384,190
8358608,63
8358512,31
8359184,63
7730088,255
8358096,127
7941664,125
13213112,31
8357840,63
7955424,31
8358192,127
13419552,31
8152176,63
8357488,31
8357584,63
8358000,63
13178736,41
8357232,125
8360048,63
7992928,190
8356848,63
7996416,63
13186096,125
8356368,63
8357264,127
13190224,328
7781784,15
8414976,127
8356592,127
13186064,94
7943200,125
8355472,127
7845600,31
8048016,7
8355344,63
8355248,63
7942016,125
8355952,127
8354672,250
8058416,63
13186896,15
8057680,127
13200656,123
8355824,63
7949728,220
8355728,127
8354480,127
8416640,31
8355024,252
8354928,255
7948832,94
13178768,83
13178640,186
8005248,127
13179056,208
7698568,7
13178672,213
7693088,31
13180688,123
7697352,24
13177552,324
13177872,333
7696448,253
7860704,56
13177648,229
13177392,237
7697960,7
7844992,126
7780184,158
13178928,10
13178544,88
8166680,127
13177712,238
7712712,190
13179888,194
7843168,127
13178864,297
8005344,255
13213464,63
7689704,55
13177136,161
8047056,15
13177936,290
13177520,276
7696072,30
13177264,252
7844640,63
7782616,63
8003840,7
7994432,63
13180048,311
13421552,63
7695048,127
13178384,155
8166840,31
8416000,63
13178992,52
7695080,14
13191440,186
7695848,15
13203344,189
7695304,27
7695176,31
8419456,127
7694120,50
13177776,224
13177328,216
7694216,15
13182064,34
7694440,26
13177680,177
7694184,31
8048048,15
7693544,49
7854080,127
13178480,60
7690248,96
13204976,60
7697288,31
13205360,77
7684232,63
13204720,156
13203696,162
13204016,82
7860864,31
13204528,109
7995872,156
13204080,107
13210520,63
7780088,63
13204304,84
8164536,63
13204496,138
13204272,130
13203312,107
7993280,125
13189520,94
7842944,254
13189776,187
13189680,377
13189744,156
8000256,15
7692360,26
13177072,284
8423360,31
13178000,453
13419504,63
7692808,30
8050608,7
13178448,148
7692104,15
7691816,25
7691720,30
7691144,47
7690984,30
7691112,58
7688936,91
8046640,30
13204784,15
7994784,63
13205392,46
13204400,187
13204176,101
13204560,114
7694368,31
13204592,155
13203824,15
13203920,147
13203856,107
8418528,63
13191120,93
13203280,80
7944096,76
13189648,328
13190032,298
13189840,140
13420880,190
13189424,220
13425328,31
13216152,7
8416864,63
13189456,187
7695496,63
13189360,92
7843552,158
13420400,190
13189552,157
13212728,31
7690312,15
8001312,62
7696992,63
7690920,28
7690408,31
13182640,289
7690888,31
7688968,59
8420096,31
7713832,63
7689288,62
13204368,140
13203952,96
7784504,126
13189936,266
13190000,109
7689576,61
7688104,106
13204656,46
13189712,156
7688712,125
7686376,63
13190192,31
7692448,249
13189392,283
7687240,206
13420496,63
7699304,31
7699944,31
7699528,15
7699784,31
7952640,15
13191344,31
13422384,63
7697640,15
13174928,279
7697416,31
7697800,31
7698088,62
13182544,38
7698056,31
7696776,125
8055408,63
8055056,63
7696360,63
7696488,31
7696744,63
7695720,125
7489440,63
8056784,63
7695688,127
7695368,126
13191376,251
13422416,31
7688424,15
8046960,7
8420000,31
8046768,7
8046576,15
13190704,31
13185552,31
7687816,15
7687176,18
7843456,63
13189488,125
13425392,127
8153712,127
8047792,10
8002400,31
8047600,18
8046480,15
8046800,7
8415168,31
8047088,15
7706856,127
8048944,2
8421184,63
8049008,6
8049904,3
8408064,15
8048208,14
8048656,3
8049040,7
8046992,31
7696576,127
13202352,53
8049232,7
13174608,388
8046096,30
8046608,30
8411744,127
13190768,125
8046384,15
13210872,116
8049072,15
13174096,170
8163032,63
13207128,127
8048464,30
7412912,36
13211160,63
13180656,9
7682656,127
8419936,31
13180368,25
13174416,184
13174864,156
13174736,217
13204240,102
13421616,63
13205488,127
7999040,15
7946080,63
13204336,107
13203120,92
13205424,163
13202672,147
13203600,46
13202992,123
7992992,125
13202544,130
7992512,63
7832152,63
13201328,243
13186992,239
13187888,185
13186352,204
13186832,138
7996928,31
13186384,358
13186960,251
13186320,375
8422464,63
7859520,123
8142896,127
13187056,249
13217912,15
13187280,252
13187152,219
13426672,63
13208600,127
8419200,63
13174000,131
13174640,523
7858208,126
13174320,155
7731848,63
13174512,77
8416416,63
7489152,60
7489504,31
8417184,187
7489888,58
7488512,110
13421104,126
13202800,90
13189584,62
7489024,31
13201232,131
7488928,61
7695552,94
7488704,63
7950656,126
7488128,63
7683968,126
13196144,63
13204112,108
7859776,187
7688744,15
7688392,31
7687720,63
13191856,172
7685864,127
13214040,63
7687624,15
7687144,15
13198480,62
7710792,127
7686184,63
7685928,15
7686120,31
13192496,92
7941440,227
7686568,31
7684904,127
7685672,31
13422992,63
8143248,63
7857216,15
7685640,62
7685608,31
13425264,63
7685544,31
13207992,63
7685512,31
13216632,31
13181904,34
8413568,317
7684744,63
7952160,271
7711528,63
7686984,63
13195152,30
8003744,15
7684552,31
7683752,63
8418272,126
7991392,127
7699656,125
7699240,127
7862080,15
13215224,31
7862144,30
13197584,46
7860992,31
13197776,125
7859872,102
13191984,208
13191408,138
13422448,63
13192112,93
13191728,61
7861280,60
7860096,63
13180464,107
7860256,91
13421840,31
13192848,93
13192432,101
13193136,46
13192784,15
13215640,31
8163512,31
13193040,125
13420752,125
8428784,127
8408160,31
13193168,70
13192912,78
13191696,125
13191632,217
13191472,108
13419184,63
13191664,154
13192336,156
7860128,123
7859296,174
13191568,69
13191920,38
8407520,7
8407776,15
8407616,15
8408000,31
8407872,15
8408032,15
8414720,127
8423072,31
7948704,124
8155792,127
8004832,127
13215320,31
8421792,63
7949984,63
8423616,7
7953152,94
13191536,93
8423104,15
7824248,31
8423008,31
13192880,62
8421824,31
8422752,190
8422432,15
7843296,31
8422336,31
8422304,31
7996768,15
13215864,63
8422176,31
7954592,63
13181136,204
13205552,63
8421376,31
8420864,126
8421440,15
13198096,62
8419840,63
8420512,15
7682912,31
8420576,94
7857632,123
7954400,63
8420352,189
7857664,244
8420320,31
8420064,31
8142480,127
8418816,158
8419104,125
13419392,59
8418688,31
13181584,61
8418592,158
7697920,63
13174704,94
8418368,62
8418240,122
8421504,94
8420384,190
8417696,31
8418496,63
13181456,41
8418560,94
8418144,94
8417824,94
13182256,63
8416960,156
8417344,63
13181232,52
8416800,63
7946560,31
8417568,63
8419520,63
13183952,63
8419392,317
8419264,63
7947328,94
7860512,31
8418848,190
7859136,63
13419136,63
13213752,15
7857760,240
8414624,63
8422656,63
8421664,63
8421600,127
13181872,30
8152304,127
7857728,126
7780824,122
13422352,110
8418880,31
7993760,63
8419040,190
13216792,15
8419296,63
13182192,69
8417856,127
13182384,53
8417952,127
7858080,214
8417440,63
8417408,31
8417216,63
8415648,31
8416160,31
8415744,31
7949760,61
7976280,127
8415776,31
8414752,94
8415584,126
7697024,63
8415328,63
8413696,126
8415968,63
13422208,247
8414944,63
7996640,114
7940512,246
8414048,63
7711976,63
8414112,125
8413600,63
7783352,127
8414016,127
8415072,63
7785976,63
8414784,190
7824280,63
7712168,31
7948640,63
8415136,127
13193232,31
8163160,110
13191792,109
13191280,205
13190992,156
13190608,63
13190832,94
13190384,31
13190096,63
13188720,31
13188432,126
13188368,63
13188528,94
13422160,248
13187120,94
13186608,205
13182448,94
8430192,127
13186512,93
13186448,218
13186128,220
13186032,123
13212920,63
13185488,156
13185744,94
13185296,94
8428336,127
13184432,63
13208536,63
7955392,62
13207896,125
13208312,127
13207768,247
13185680,236
7843584,127
7843520,254
7856544,30
13208472,63
7854336,127
13207512,255
7857856,7
13174992,147
7856832,14
7857088,24
13425232,63
13182160,68
7857120,22
7954688,63
13181296,80
13180240,168
7856064,26
8004416,15
7863328,40
13181712,10
13419584,15
8002784,15
13181328,3
7863392,27
13420896,125
7954816,115
13181392,7
13181168,18
7946464,102
13181040,46
7863136,49
7863488,79
13174544,194
7956224,63
13174032,77
13174800,358
13174224,217
13174672,171
13192400,89
13192976,46
13173424,226
13205168,92
7945920,63
7955488,155
7956288,114
7955648,116
7954944,169
13192240,62
7955328,121
13174768,493
13173808,93
13173744,93
13173968,77
7954528,59
13174064,115
13174352,218
13192304,31
7698432,63
7954112,146
13217176,31
7947552,46
8003680,63
13217112,31
13217144,31
7781560,127
13216696,31
13216440,63
13215928,15
13216536,31
7745224,255
13216216,31
13214968,63
7949440,63
13215480,31
7949888,214
13215576,31
13215736,63
13215672,63
7950112,215
8003072,127
13214648,78
13214232,31
13213976,15
13214296,31
7948960,63
13214072,62
13213784,31
13213720,63
7713864,31
13213144,188
13212600,124
7844224,31
7786232,63
7952000,184
13213432,94
7997344,31
13213496,31
13213848,31
13212664,62
7951232,240
13188752,62
13188880,93
13212472,63
13214520,31
13214456,63
13214776,31
13211448,63
13211800,63
13211192,63
7844032,63
13211352,126
7953984,15
8164664,63
13212888,63
13212984,63
13211128,127
7953792,94
7953600,15
7844512,31
7953536,92
7953216,82
7731080,127
7952352,93
7952416,84
13202704,92
13420080,127
13202416,138
13201904,45
13200720,93
7949792,113
13189008,62
13188464,125
7823256,127
7731624,31
13202128,183
7950912,63
7949920,236
8002720,31
13181264,63
8002560,31
8003424,15
8001504,63
8002176,15
13183888,158
8002080,62
8002368,15
8001664,31
8001728,15
7994752,31
8001408,94
7956192,94
13182512,31
8001056,31
13418608,190
8001184,63
8001248,15
8001024,31
7948064,126
8001344,31
8000576,63
8000608,31
8000544,63
8000864,63
7999776,15
7999456,31
7999552,31
13183856,31
8000384,31
7955168,31
8000064,31
7999424,63
7998592,31
7999328,63
13183920,31
13183728,158
13422960,62
7998848,63
7691488,126
7998272,121
8000640,63
7999136,15
7998880,31
7691392,63
8142832,127
7998688,15
7997696,31
7842368,127
7998304,220
7997824,125
13191216,31
7997600,15
7997888,31
7997856,62
7998176,31
7994240,63
7842208,63
13190864,31
8001088,31
8000480,31
7999968,31
7999744,31
7999712,63
7943584,58
7999680,63
7998784,63
7996608,31
7997088,62
7996032,124
7694144,188
7997280,31
7997312,63
7952096,63
7996096,63
13419664,63
7996288,63
13424912,63
7996064,152
7997440,63
7998208,63
7952992,15
7995840,127
7994464,15
7952064,62
7950272,155
13193008,268
13420720,31
13192688,62
13193296,188
7951104,251
7844160,63
13192560,46
13192528,63
7711080,127
13193264,31
7950464,152
7707688,63
13192944,124
13192816,63
7996320,31
7950976,126
7995680,63
7953504,31
7995584,63
7995456,31
7994336,284
7994368,126
7994592,127
7994816,31
13422256,31
7994880,188
7994944,63
7994720,190
7993696,127
7993568,31
7993312,31
7993408,63
13422432,62
7993632,63
7784472,127
7993088,125
7994400,63
8412928,127
7992544,158
7992800,126
13192592,122
7992448,158
13186160,31
13196976,126
7833528,15
7833752,31
7833592,62
8144624,31
7833976,63
7832408,63
7832952,31
7832472,189
7831480,127
7833112,31
7833080,63
7832984,31
7707528,127
7831576,63
7832248,31
7831064,127
7830520,63
13197680,60
8145648,63
7830392,124
7830424,31
7830936,63
7995200,31
7831128,62
13193392,31
7830808,63
7830744,123
13418752,57
7784312,190
7832824,31
7830680,63
7830968,127
7787128,127
7829592,125
7829432,127
7785592,63
7949536,121
7846624,31
13186256,156
7943392,31
7845984,31
7845248,31
7783160,63
7845088,31
7845120,94
7941888,420
7845280,63
7844736,63
7844000,127
7690944,226
7845152,31
7844256,190
7843808,63
7698784,31
7843840,126
7844320,31
8004224,255
7842656,188
7842720,63
7843008,252
13421008,63
7782296,63
7843104,126
7785176,127
8161400,127
7842976,63
7844864,63
7994048,63
7841728,190
7731560,127
7842176,127
7825496,127
7825400,63
7824664,31
7824536,63
7712424,127
7824472,63
7824728,31
7824440,63
7824760,63
7823480,127
13419888,190
7823320,63
13182576,63
13183024,46
13182128,93
13181936,31
13181776,38
13180624,62
13178320,94
7950784,189
13186704,125
7785240,127
8166456,127
7953472,125
7694496,63
8164152,63
7953632,94
13176432,63
13176688,140
7695232,63
7950816,157
7951712,126
7827416,127
7828120,63
7827896,63
7828280,127
7827928,63
7826584,127
8165656,63
7951840,126
7785528,31
7995104,63
7994976,63
7993376,127
13187248,31
7993824,127
7784664,63
7842592,63
7993856,127
13174832,283
7948512,31
7992384,127
7992480,127
7989408,127
7990080,63
8005280,63
8005312,127
7948800,121
13174480,107
13174128,92
7947424,135
7947968,91
13174256,93
13203664,15
13202736,38
13201744,60
13200624,194
13201488,138
13201360,233
13186288,123
13186416,157
7948160,92
7948128,56
13174160,46
7686496,15
7947136,94
13201040,108
13186672,188
13187184,247
7947040,74
13187216,158
7946176,104
7945376,144
13182352,3
7978456,127
13182000,45
13183280,70
13183664,7
7696000,63
13181488,7
13182480,70
7953280,94
7953120,126
7946976,141
7946912,15
8163672,126
7940800,141
7954560,63
7956032,78
7955808,31
7954624,31
7954912,15
7955104,94
7955360,31
13189968,31
7954656,63
7954016,252
13419328,61
13418784,183
13418816,31
13421952,113
7946624,77
7955968,15
8162744,63
7955584,63
8143696,63
7956064,252
7954464,63
8004992,127
13418624,61
13422336,61
13421824,31
13422304,121
13421760,114
7696128,63
7710696,63
7947264,31
7948192,31
7947232,94
13198160,125
7947712,63
7978328,127
7947680,31
7781528,63
8003808,127
7946784,126
7940896,63
13422112,188
7948928,94
7948384,94
7948992,126
7948896,188
13183600,127
13422080,190
13421312,137
7953184,94
7951456,31
7951744,62
7950624,31
7951168,252
7951296,63
13185616,46
13425136,63
13185968,31
13185456,63
7730664,127
7946144,125
7945792,123
13185264,31
13420416,63
13185712,31
13185584,94
7945952,123
13185424,31
7944384,237
7695584,31
7995136,63
7994848,63
7993472,127
7994560,63
13421424,63
7993920,63
7692000,125
7994016,15
7994176,31
7993888,31
7993728,31
13423120,190
7993664,63
7993600,63
7992416,63
7992896,31
7993248,62
7992672,121
7993120,63
7992576,63
7991520,125
7992000,127
7945664,62
7946112,114
7691104,251
13197712,62
8145552,124
13198032,94
13198320,63
13197936,63
13197904,94
7944192,285
13421472,31
13419680,63
13421280,31
7695840,31
13420224,63
13419968,63
13420064,31
13419904,63
13419488,127
13418976,31
13419520,63
13422592,125
13422272,126
7951808,126
7945120,185
13196112,62
7948736,31
13195568,236
7697760,123
13423280,221
7949856,63
7780216,127
7944416,238
7686272,31
7686208,63
13421520,254
7685056,125
7686016,31
7951328,63
7685728,31
7685472,31
7940480,235
7684768,63
7685344,15
7685504,31
7685568,31
7685536,63
7684352,31
7949664,63
7684000,31
7684032,31
7683744,63
7684640,127
7684384,63
8155856,127
7780568,126
7948768,63
7682880,31
7698016,63
7698592,31
7698624,63
7941344,321
7698752,15
7697312,62
7697824,63
7697504,31
7697056,63
7781368,62
8162616,245
7697344,126
7940064,247
7696800,127
7696960,188
8152528,127
7977080,63
7975928,63
7976824,63
7976088,127
7696288,31
7696192,31
7696352,15
7695616,62
13184304,31
13426416,31
7695296,62
7695904,126
7695680,126
7694752,185
7953824,94
7952320,63
7694816,63
7694240,62
7694464,63
7693952,63
7696384,63
7694304,189
7696832,63
7693472,127
7714312,63
7692928,15
8166872,31
7693568,31
7695104,63
7693632,31
7692864,63
7694400,94
7695328,31
7692032,127
7714376,31
7712552,31
7713352,63
7712744,127
13185904,63
7712904,31
7713192,63
7712040,127
13419152,127
7712104,31
7711336,63
7710376,63
7840832,255
7710536,63
7783960,190
7710632,127
7692576,31
7692096,63
7691840,63
7944736,63
7692960,63
7713256,63
7712584,127
7691168,126
7693184,63
7709544,127
7690272,243
7708360,63
7707560,127
7707304,63
7707272,63
7708200,127
7708008,63
7707432,127
7706504,127
7690304,255
8145872,31
13191088,94
7780984,63
13191152,31
13190576,94
13190480,156
13190896,31
13190960,62
13190512,63
7942784,252
8004512,127
13182960,31
13183152,31
7947648,63
8144400,250
7782008,31
7781112,31
7781976,31
7781880,31
7781240,63
7780440,126
7780952,158
7943840,60
7943488,31
7942592,111
7942528,118
13183184,94
13182768,31
13183088,63
7730312,127
8411904,127
13182608,126
7942208,211
13196816,152
13426192,126
13425840,15
7949056,31
13425904,190
7949120,63
13183792,253
13426032,63
13426096,63
13425648,63
13184144,126
13425680,126
13424560,127
7942464,120
7946304,94
13423536,60
13423568,252
8162168,127
13422480,249
13422640,125
13421936,126
7952544,63
7951616,63
13420208,127
13422032,63
13421904,157
7952256,63
13421392,63
7779704,63
13421200,254
13422576,126
13422288,190
13421680,63
13420656,126
13421264,31
13419632,158
7944544,63
7950368,63
7978360,63
8162840,126
7978392,127
13198192,31
7954336,63
7944320,63
13421872,126
7779160,127
7843968,63
13421168,190
13420976,157
13420048,127
13195760,78
13196016,15
13194864,62
13196400,15
7844448,63
13196464,15
7948608,63
7947744,31
13194960,15
7950432,94
7953888,63
7954144,94
13192464,240
7787160,190
7786200,127
7785560,63
7784984,190
13192720,31
7953056,31
7952896,31
8163320,62
8163096,123
8163704,63
8167576,15
8167896,15
8004352,127
8166776,31
8166392,15
8166808,31
8166520,63
8165176,63
8165080,31
8165752,63
8162424,213
13188976,63
7730120,63
8170904,63
8159224,63
7784600,63
7784376,126
7783640,190
8162904,31
8162456,125
8164792,63
7784120,127
7783768,127
8161880,63
8162008,125
8164728,63
8164088,63
8164600,63
7781208,127
7780408,190
7779896,127
7780280,31
7779992,63
7779800,63
7779096,63
8160984,253
7942624,63
7941632,241
13420432,127
7946272,31
13422192,63
13420688,63
13420944,63
13421456,63
13420144,94
13419984,63
7945600,63
13419120,253
7946432,63
13420560,63
13419344,127
13419024,127
7940832,443
8155472,127
7844576,63
7844288,31
7844064,63
7841760,127
8151632,127
7842080,127
7840768,251
8150672,127
8150960,127
8150768,127
7841568,255
7940864,124
8146096,31
13419440,127
13419408,63
13418640,63
13425968,31
13426576,63
13426640,63
13426448,63
13423056,127
7940096,462
7731880,127
7731944,63
7731400,127
7731336,63
7731144,63
7746088,255
7730152,127
7730824,63
7730536,63
7730248,127
7746152,31
7745288,127
7744456,253
7745256,63
7744616,127
8415840,63
7744584,255
7782808,127
7782904,127
7782712,254
7781432,127
13187024,63
8414400,127
13185840,126
13185392,127
13184208,63
13184080,63
13183536,125
13183440,15
8414816,190
13182832,31
13182928,63
13182736,63
8146448,63
8145680,63
8146064,63
8145936,63
8145328,63
8144880,126
8144720,127
8144784,31
8144944,31
8145168,63
8144912,63
8143408,111
7946208,31
7946592,31
7945984,63
7945728,31
7945248,31
7945568,63
7945216,63
8144208,63
8143632,126
8143952,126
7946816,63
7783544,63
7783320,127
7782680,127
7782776,63
7782520,127
7782168,127
8144176,63
8142768,125
8142608,126
8142640,236
8414688,63
8413952,127
8414528,127
8414304,63
8412640,127
8413216,127
8413184,127
8413440,127
8142864,127
8142512,251
8414848,127
8158384,255
7940768,488
8004320,255
8004928,63
8005056,63
8004032,127
8002848,255
8002976,255
